employee_id,name,age,gender,department,city,experience_years,tenure_years,salary,performance_rating
EMP1,Brendan Grimes,24,Female,Finance,Mumbai,6,5,787330,4
EMP2,Dr. Laurie Thompson,44,Female,Engineering,Mumbai,2,9,1275967,4
EMP3,Kristen Pacheco,23,Female,Sales,Bangalore,7,10,754018,4
EMP4,Diane Flores,23,Female,Hr,Delhi,13,4,1089461,1
EMP5,Tony Davenport,25,Male,Hr,Bangalore,6,5,614726,2
EMP6,Stefanie Campbell,22,Male,Hr,Mumbai,13,3,1298859,4
EMP7,Alan Erickson,29,Male,Hr,Mumbai,1,6,1101765,1
EMP8,Barbara Poole,26,Female,Finance,Delhi,1,3,679891,3
EMP9,Melissa Sellers,24,Male,Engineering,Mumbai,2,10,606086,3
EMP10,Jessica Jones,26,Male,Hr,Bangalore,3,10,1462188,3
EMP11,Nathan Strickland,48,Female,Sales,Mumbai,4,3,401680,4
EMP12,Jeremy Smith,39,Male,Engineering,Bhopal,3,10,1453190,4
EMP13,Jamie Baxter,36,Female,Finance,Bhopal,1,10,881074,3
EMP14,Michael Marshall,27,Female,Sales,Delhi,7,10,402762,1
EMP15,Alexandra Massey,26,Female,Sales,Bangalore,1,6,1082892,1
EMP16,Maria Newman,35,Male,Hr,Mumbai,12,1,1484886,4
EMP17,John Young,27,Male,Finance,Delhi,3,3,388851,2
EMP18,Lisa Thomas,22,Female,Engineering,Bangalore,6,9,371856,4
EMP19,Colleen Dixon,35,Female,Sales,Mumbai,15,7,1032920,1
EMP20,Joseph Franco,21,Female,Finance,Bhopal,12,1,866644,5
EMP21,Jeffrey Sanchez,38,Male,Engineering,Bangalore,3,2,447729,4
EMP22,Dennis Chan,48,Female,Sales,Delhi,1,5,796767,2
EMP23,Jeremy Reid,29,Female,Finance,Bhopal,10,3,1397521,2
EMP24,Scott Joyce,30,Female,Sales,Mumbai,10,2,635641,1
EMP25,Dylan Andrews,31,Female,Hr,Delhi,6,10,1398740,3
EMP26,Molly Rojas,45,Female,Marketing,Delhi,8,9,1135253,5
EMP27,Johnny Allison,50,Female,Finance,Mumbai,7,9,635764,1
EMP28,Paul Parker,42,Male,Marketing,Bhopal,1,3,1206624,2
EMP29,Bill Garner,40,Male,Engineering,Pune,10,4,510503,2
EMP30,Shelley West,49,Male,Engineering,Delhi,6,5,557586,2
EMP31,Michele Silva,37,Female,Marketing,Pune,12,1,1108164,2
EMP32,Tony Alvarez,42,Female,Hr,Mumbai,1,5,1317538,1
EMP33,Patricia Brown,33,Female,Marketing,Delhi,4,9,462502,1
EMP34,Tiffany Schmidt,50,Male,Marketing,Bhopal,13,8,1466068,2
EMP35,Cheryl Castro,35,Female,Engineering,Pune,13,7,595523,1
EMP36,Hannah Martinez,37,Female,Finance,Mumbai,5,1,1175389,3
EMP37,Joseph Kaiser,47,Male,Engineering,Bhopal,15,2,1468412,1
EMP38,Charlotte Chan,29,Female,Sales,Bangalore,14,1,964952,2
EMP39,Alexander Williams,50,Female,Finance,Bhopal,2,10,577822,1
EMP40,Natalie Zimmerman,27,Male,Hr,Pune,12,5,625285,1
EMP41,Tracy Woods,36,Female,Hr,Mumbai,1,7,810780,2
EMP42,Annette Lopez,49,Male,Marketing,Pune,8,8,402739,2
EMP43,Michele Lewis,21,Male,Sales,Delhi,3,5,1418897,2
EMP44,Daniel Young,23,Male,Hr,Bangalore,10,4,783664,2
EMP45,Rachel Sanchez MD,21,Female,Sales,Pune,11,9,398936,2
EMP46,Paul Wilson,30,Male,Marketing,Bangalore,6,7,982704,4
EMP47,Kimberly Conrad,28,Female,Hr,Bangalore,15,4,640775,1
EMP48,Michael Parks,43,Male,Marketing,Bangalore,3,8,595720,2
EMP49,Jonathan Mcpherson,25,Female,Hr,Pune,14,6,1174964,2
EMP50,Stacy Kim,31,Male,Engineering,Bhopal,8,4,763061,2
EMP51,John Johnson,37,Female,Finance,Delhi,5,9,965768,4
EMP52,Tara Miles,40,Male,Engineering,Delhi,1,3,1053110,1
EMP53,Nicholas Evans,43,Female,Hr,Bhopal,4,1,1104081,1
EMP54,Brian Hicks,21,Female,Hr,Mumbai,14,6,523100,1
EMP55,Renee Smith,33,Male,Hr,Delhi,2,4,968302,2
EMP56,Sara Davidson,34,Male,Hr,Mumbai,12,4,1151025,1
EMP57,Amy Hill,46,Female,Marketing,Bhopal,11,1,610677,2
EMP58,Ivan Meyer,36,Male,Finance,Pune,4,8,488108,3
EMP59,Gary Johnson,46,Female,Finance,Bangalore,11,2,780892,3
EMP60,Gary Taylor,29,Female,Sales,Mumbai,7,2,1188179,5
EMP61,Keith Sullivan,30,Male,Sales,Bangalore,8,10,1473678,5
EMP62,Roger Castillo,39,Male,Engineering,Bangalore,6,9,1125552,4
EMP63,Angela Anderson,38,Male,Sales,Delhi,7,2,1066360,5
EMP64,Marissa Freeman,32,Female,Sales,Delhi,9,9,606910,3
EMP65,Jeffrey Hunter,48,Male,Engineering,Bangalore,10,5,303103,4
EMP66,Ralph Bass,33,Female,Marketing,Delhi,8,5,740027,3
EMP67,Mary Young,35,Male,Marketing,Pune,3,7,750088,4
EMP68,Stephanie Allen,23,Female,Marketing,Delhi,9,7,862774,4
EMP69,Kevin Reynolds,26,Female,Sales,Mumbai,12,2,535481,5
EMP70,Norman Lambert,38,Female,Engineering,Pune,7,8,908470,5
EMP71,Kelly Brown,32,Female,Sales,Bangalore,3,5,1455568,5
EMP72,Janet King,37,Male,Sales,Mumbai,14,9,401495,1
EMP73,Stephanie Lopez,47,Female,Finance,Mumbai,14,2,1064444,5
EMP74,Jessica Rodriguez,35,Female,Hr,Pune,4,6,310042,2
EMP75,Robert Evans,47,Male,Finance,Bangalore,1,10,1294547,1
EMP76,Adam Fischer MD,46,Female,Engineering,Bangalore,9,9,1104620,3
EMP77,Jason Nelson,21,Male,Hr,Mumbai,8,3,449942,4
EMP78,Susan Rowland,38,Male,Marketing,Bangalore,15,7,476596,2
EMP79,James Graves,44,Female,Sales,Bhopal,6,7,1364703,5
EMP80,Alisha Parks,41,Male,Hr,Bhopal,2,1,1257579,1
EMP81,Kendra Smith,48,Female,Sales,Mumbai,3,5,994297,3
EMP82,Steven Reed,32,Female,Sales,Delhi,7,7,896175,3
EMP83,Melissa Murray,38,Female,Marketing,Pune,14,10,1324717,4
EMP84,Benjamin Buckley,34,Male,Marketing,Bhopal,13,2,1391198,4
EMP85,Paige Clayton,23,Female,Engineering,Delhi,9,5,845830,4
EMP86,Kathy Little,28,Female,Engineering,Bangalore,4,4,798760,1
EMP87,Elaine Hall,34,Female,Finance,Bangalore,3,1,1112456,2
EMP88,Julie Gordon,47,Male,Finance,Bhopal,1,5,1252267,5
EMP89,Thomas Robinson,30,Male,Hr,Pune,4,4,307571,4
EMP90,Rachel Russell,22,Male,Sales,Pune,10,9,1029070,3
EMP91,Sandra Carter,32,Female,Finance,Bhopal,13,6,795387,1
EMP92,Nancy Vaughn,36,Female,Sales,Bangalore,5,9,1131199,3
EMP93,Leslie Ward,39,Male,Engineering,Delhi,6,3,896179,2
EMP94,Eric Rodriguez,45,Female,Finance,Mumbai,2,7,1018876,1
EMP95,Jennifer Tyler,31,Female,Engineering,Delhi,9,9,612005,4
EMP96,Dennis Estrada,32,Male,Sales,Bangalore,1,10,498080,5
EMP97,Kristen Owens,40,Male,Engineering,Bangalore,8,6,1331090,3
EMP98,Dwayne Crawford,27,Male,Engineering,Bangalore,4,6,1239583,5
EMP99,Elizabeth Morgan,35,Male,Marketing,Delhi,10,9,798040,2
EMP100,Christopher Thomas,46,Male,Finance,Delhi,12,10,912666,4
EMP101,Laura Bishop,47,Male,Finance,Bangalore,13,3,397140,4
EMP102,Wendy Robinson,32,Female,Engineering,Mumbai,8,5,580527,5
EMP103,Nicholas Carlson,38,Male,Marketing,Mumbai,11,4,507092,5
EMP104,Ashley Welch,50,Male,Finance,Bangalore,10,10,343122,2
EMP105,Paula Miller,40,Male,Engineering,Pune,11,1,775667,3
EMP106,Mary Jimenez,34,Female,Finance,Bangalore,6,2,1289148,3
EMP107,Jason Weaver,28,Female,Sales,Bangalore,3,2,653849,2
EMP108,Lydia Brown,43,Male,Engineering,Pune,14,2,1466365,2
EMP109,Stephen Jordan,27,Female,Finance,Delhi,13,9,703721,4
EMP110,Ray Saunders,21,Female,Engineering,Pune,13,5,986689,4
EMP111,Joel Torres,36,Female,Hr,Bhopal,8,3,467152,4
EMP112,Robin Ward,36,Female,Engineering,Mumbai,3,8,935555,4
EMP113,Nicole Hampton,33,Male,Marketing,Mumbai,13,8,1418745,5
EMP114,Ethan Foster,23,Female,Engineering,Pune,9,2,1165622,2
EMP115,Pamela Mccann,29,Female,Hr,Delhi,8,4,1067327,1
EMP116,Joanne Perkins,45,Female,Finance,Bangalore,15,10,1169774,1
EMP117,Austin Stevenson,28,Male,Marketing,Mumbai,3,8,626072,1
EMP118,Karen Kent,45,Male,Hr,Pune,15,7,469799,5
EMP119,Justin Hawkins,34,Female,Hr,Bangalore,3,6,1323459,2
EMP120,Elizabeth Walter,41,Male,Engineering,Bangalore,13,3,1010162,3
EMP121,Ronald Riley,43,Female,Sales,Bangalore,15,4,445586,1
EMP122,Jonathan Leon,44,Female,Engineering,Bangalore,9,7,1382167,2
EMP123,Julie Adams,33,Male,Engineering,Pune,15,4,1246939,1
EMP124,Tiffany Fernandez MD,21,Female,Marketing,Pune,6,10,318698,5
EMP125,John Archer DVM,49,Female,Sales,Pune,9,10,1489395,4
EMP126,Deborah Crawford,26,Female,Engineering,Pune,1,10,1011269,5
EMP127,Sharon Castro,33,Female,Engineering,Mumbai,7,5,1260235,1
EMP128,Robert Duncan,31,Male,Marketing,Mumbai,10,2,428137,1
EMP129,James Whitney,35,Male,Sales,Delhi,8,10,662388,4
EMP130,Tammy Torres,44,Male,Marketing,Pune,11,3,1044526,5
EMP131,Kim Flowers,40,Female,Hr,Bhopal,7,2,906882,3
EMP132,Marissa White,35,Female,Finance,Bangalore,5,7,413754,1
EMP133,Taylor Hawkins,45,Male,Sales,Pune,14,9,403311,2
EMP134,Brandon Erickson,46,Female,Marketing,Delhi,12,7,803176,4
EMP135,Dawn Collier,22,Female,Finance,Delhi,6,7,550262,3
EMP136,Matthew Brown,50,Male,Engineering,Delhi,9,6,521686,4
EMP137,Joseph Thompson,45,Female,Marketing,Delhi,4,10,953406,1
EMP138,Ronald Graham,48,Female,Sales,Delhi,8,7,1305913,1
EMP139,Lauren Lane,46,Female,Sales,Delhi,10,9,1344687,5
EMP140,Stephanie Allen,46,Male,Finance,Bangalore,5,8,1065131,1
EMP141,Savannah Tucker,39,Male,Hr,Mumbai,11,7,1322055,1
EMP142,Tyler Chapman,38,Male,Marketing,Bhopal,11,10,1179005,2
EMP143,Justin Simpson,30,Female,Sales,Pune,11,10,1338802,5
EMP144,Patrick Lewis,30,Female,Hr,Bhopal,8,8,739860,2
EMP145,Amanda Rangel,21,Female,Sales,Pune,10,1,849100,5
EMP146,Bonnie Smith,36,Male,Marketing,Delhi,3,7,1033434,5
EMP147,Lori Lee,38,Female,Marketing,Bhopal,6,1,375927,4
EMP148,Troy Berry,22,Male,Finance,Pune,4,1,1207378,1
EMP149,Michelle Atkins,50,Male,Hr,Delhi,7,4,780534,1
EMP150,Wendy Cochran,46,Female,Marketing,Bangalore,5,6,509105,3
EMP151,William Ross,41,Female,Sales,Mumbai,5,5,619230,2
EMP152,Dwayne Andrews,45,Male,Engineering,Bhopal,9,5,1396840,4
EMP153,Steven Steele,21,Female,Sales,Bhopal,9,6,1185033,5
EMP154,William Wilson,35,Female,Hr,Bhopal,9,5,1331837,4
EMP155,Rose Lee,29,Male,Finance,Pune,11,6,1206646,4
EMP156,Lisa Dudley,27,Male,Finance,Mumbai,6,4,1262275,1
EMP157,Adam Li,41,Male,Engineering,Bhopal,12,4,707073,4
EMP158,Tracy Ellis,44,Male,Hr,Mumbai,6,2,589568,4
EMP159,Jennifer Hogan,29,Female,Sales,Bhopal,10,7,365723,1
EMP160,Alisha Crawford,50,Female,Hr,Bangalore,13,6,1078333,1
EMP161,Mary Brown,36,Male,Finance,Mumbai,8,1,390258,5
EMP162,Eric Farrell,40,Male,Marketing,Bangalore,12,7,1295637,5
EMP163,Julie Wright,45,Male,Engineering,Pune,9,3,300889,1
EMP164,Melissa Harris,36,Male,Marketing,Pune,5,10,398271,4
EMP165,John Mcdaniel,23,Male,Marketing,Mumbai,6,6,679638,5
EMP166,Kim Powell,40,Male,Finance,Delhi,4,1,656556,2
EMP167,Nathan Young,32,Male,Sales,Mumbai,8,5,987122,2
EMP168,James Fisher,27,Female,Marketing,Bhopal,2,2,553801,1
EMP169,John Herring,42,Female,Hr,Bangalore,7,9,1056560,3
EMP170,Scott Francis,37,Female,Hr,Delhi,1,5,1078212,4
EMP171,Wendy Smith,44,Male,Finance,Bhopal,14,3,1229179,1
EMP172,Mark Harrison,37,Female,Engineering,Pune,12,1,1008023,3
EMP173,Alejandro Galvan,35,Female,Sales,Pune,2,4,1173587,1
EMP174,Erin Miller,42,Female,Marketing,Mumbai,13,7,907798,3
EMP175,Mr. Jeffrey Adams Jr.,37,Male,Hr,Pune,14,6,1000847,1
EMP176,Gabriela Evans,39,Male,Finance,Bhopal,5,5,439385,4
EMP177,Michelle Johnson PhD,32,Female,Sales,Mumbai,10,10,324276,2
EMP178,Jessica Jordan,40,Female,Engineering,Delhi,6,9,350627,4
EMP179,Ann Hernandez,50,Female,Engineering,Mumbai,2,6,1469582,5
EMP180,Dawn Gutierrez,50,Male,Finance,Delhi,10,2,1489359,1
EMP181,Alec Good,33,Female,Engineering,Delhi,7,5,1355010,2
EMP182,Colleen Harrison,37,Female,Engineering,Bangalore,15,5,1463323,2
EMP183,James Anderson,36,Male,Engineering,Bhopal,14,7,422244,3
EMP184,Savannah Lewis,49,Male,Sales,Bangalore,11,1,1464459,1
EMP185,Marie Pope,45,Female,Engineering,Bhopal,5,10,1022209,3
EMP186,Jeffrey Johnson,43,Male,Hr,Delhi,15,10,783002,4
EMP187,Debra Flynn,43,Male,Finance,Bangalore,3,3,414256,5
EMP188,David Holt,23,Male,Hr,Pune,9,9,957689,5
EMP189,Ashley Oneal,50,Female,Hr,Bhopal,7,2,1400958,1
EMP190,Katherine Wilson,34,Female,Engineering,Mumbai,10,1,770506,5
EMP191,Jermaine Kirby,26,Female,Marketing,Mumbai,5,4,926419,1
EMP192,Mark Flores,30,Male,Hr,Bangalore,6,2,513233,2
EMP193,Sarah Lee,46,Male,Finance,Pune,4,2,566311,4
EMP194,Clinton Hart,34,Male,Finance,Pune,3,1,1332839,4
EMP195,Kelsey Espinoza,40,Male,Hr,Bhopal,6,4,795498,1
EMP196,Christina Anderson,36,Male,Marketing,Delhi,6,4,1378957,5
EMP197,Matthew Martinez,28,Male,Sales,Bhopal,15,8,805507,3
EMP198,Troy Schneider,26,Male,Engineering,Mumbai,1,1,1137064,4
EMP199,Travis Porter,35,Female,Hr,Mumbai,15,6,1199547,4
EMP200,Kenneth Ware,40,Female,Sales,Bhopal,15,1,418129,5
EMP201,Anthony Bush,48,Female,Finance,Pune,11,10,1128932,5
EMP202,Caleb Williams,29,Female,Marketing,Delhi,11,5,1493428,4
EMP203,Noah Brown,48,Female,Marketing,Delhi,1,2,914044,5
EMP204,William Turner,35,Female,Finance,Bhopal,7,6,763566,3
EMP205,Jessica Bridges,29,Female,Hr,Delhi,5,5,1052447,2
EMP206,Erin Barnes,23,Male,Marketing,Pune,9,2,385584,4
EMP207,George Nunez,36,Male,Sales,Bangalore,8,7,1000049,4
EMP208,Kathleen Franklin,37,Male,Engineering,Pune,5,9,1194617,2
EMP209,Scott Patterson,42,Male,Sales,Bangalore,4,1,556245,2
EMP210,Harold Bennett,45,Female,Marketing,Pune,2,4,536159,1
EMP211,Melissa Murphy,26,Female,Hr,Delhi,11,2,1219442,2
EMP212,Jonathan Mills,44,Female,Engineering,Mumbai,13,6,1375759,2
EMP213,Gregory Mosley,33,Male,Finance,Delhi,14,1,1242502,5
EMP214,Stephen Gonzalez,41,Male,Finance,Mumbai,5,1,1495735,1
EMP215,Jean Oconnor,25,Female,Finance,Mumbai,2,10,1167696,1
EMP216,Erika Jones,21,Female,Hr,Bhopal,3,1,645477,5
EMP217,Joan Butler,27,Male,Sales,Delhi,7,10,1258578,4
EMP218,Lisa Martin,49,Female,Finance,Delhi,6,2,1416509,4
EMP219,Holly Tucker,41,Male,Engineering,Bhopal,13,5,522782,5
EMP220,Mary Kane,30,Female,Finance,Pune,4,4,1072545,1
EMP221,Haley Martinez,24,Male,Marketing,Pune,11,6,325871,4
EMP222,Thomas Carter,30,Female,Sales,Delhi,11,4,831909,5
EMP223,Charlene Odom,28,Male,Sales,Mumbai,13,9,1422331,2
EMP224,Stacy Key,37,Female,Finance,Delhi,14,3,945992,2
EMP225,Alexis Kelly,37,Male,Sales,Bangalore,4,8,499614,1
EMP226,Kathryn Moore,39,Male,Sales,Delhi,10,10,1388998,5
EMP227,Natalie Wood,33,Male,Marketing,Pune,14,3,1232262,4
EMP228,Samantha Torres,48,Female,Engineering,Pune,1,1,909044,5
EMP229,John Hall,37,Male,Engineering,Delhi,6,2,702207,3
EMP230,Sophia Williams,29,Female,Hr,Mumbai,4,4,365058,5
EMP231,Ashley Rose,42,Male,Marketing,Bangalore,12,8,1263672,2
EMP232,Dana Vincent,21,Male,Sales,Bhopal,6,10,1095012,2
EMP233,Sarah Woods,31,Female,Engineering,Pune,6,1,440384,4
EMP234,Leah Robinson,29,Male,Sales,Bhopal,3,2,602679,1
EMP235,Nicholas Price,49,Female,Hr,Delhi,11,9,395510,3
EMP236,Alex Johnson,49,Male,Sales,Bangalore,9,6,942517,4
EMP237,Lucas Obrien,27,Female,Engineering,Bangalore,14,7,835477,4
EMP238,Alisha Rodriguez,45,Male,Sales,Delhi,13,7,349100,5
EMP239,Taylor Becker,33,Male,Finance,Mumbai,11,9,322997,4
EMP240,William Clark,31,Male,Sales,Bangalore,6,6,391932,5
EMP241,Joseph Garrison,50,Male,Finance,Delhi,2,1,1497315,1
EMP242,Denise Soto,48,Female,Marketing,Bangalore,1,4,530313,2
EMP243,Alice Payne,46,Female,Hr,Pune,15,8,973243,4
EMP244,Phillip Jenkins,40,Male,Hr,Bangalore,5,10,1215806,4
EMP245,Lauren Graham,34,Female,Marketing,Bangalore,9,8,1004013,5
EMP246,Michael Reese,22,Male,Engineering,Pune,7,8,426343,2
EMP247,John Giles,22,Female,Finance,Bangalore,2,7,472411,2
EMP248,Diane Oliver,22,Male,Marketing,Bangalore,6,2,1460512,4
EMP249,Steven Simpson,37,Female,Engineering,Bangalore,14,2,1113549,4
EMP250,William Clark,25,Female,Hr,Bhopal,7,3,541381,2
EMP251,Steven Bray,45,Female,Hr,Bangalore,14,3,1266560,4
EMP252,Ryan Smith,38,Male,Hr,Pune,5,9,1480125,5
EMP253,Amanda Schmidt,29,Female,Engineering,Delhi,3,6,1260968,2
EMP254,Mallory Murphy,48,Male,Engineering,Bangalore,6,9,426350,2
EMP255,Juan Peterson,31,Male,Engineering,Bhopal,13,8,1095281,4
EMP256,Lorraine Fisher,22,Female,Sales,Bhopal,4,8,859441,1
EMP257,Shannon Valencia,22,Female,Sales,Mumbai,15,7,852086,5
EMP258,Lisa Torres,42,Male,Hr,Bangalore,1,7,1071670,4
EMP259,Stephanie Gonzalez,30,Male,Engineering,Bangalore,13,7,448663,2
EMP260,Emily Mason,34,Female,Hr,Mumbai,4,6,959874,5
EMP261,John Stokes,25,Female,Sales,Mumbai,5,4,909478,1
EMP262,Joseph Ward,34,Male,Marketing,Bangalore,14,2,861519,5
EMP263,Stephanie Rose,23,Male,Hr,Pune,4,10,649680,2
EMP264,Jessica Newman,28,Female,Sales,Mumbai,9,9,486342,2
EMP265,Kristin Douglas,34,Female,Engineering,Pune,4,2,937008,3
EMP266,Jared Stevens,33,Female,Finance,Mumbai,10,3,450391,2
EMP267,Laurie Huerta,47,Female,Sales,Bangalore,13,2,1131573,5
EMP268,Joshua Mullen,50,Female,Engineering,Bhopal,5,5,565523,3
EMP269,Sean Williams,30,Male,Sales,Delhi,15,10,1284126,1
EMP270,Arthur Clements,49,Male,Engineering,Pune,8,6,465382,5
EMP271,Andrew Santos,21,Male,Hr,Bangalore,9,9,948044,2
EMP272,Dakota King,31,Male,Finance,Bhopal,14,3,1231784,2
EMP273,Ashley Nguyen,31,Male,Engineering,Delhi,2,7,1066254,4
EMP274,Gregory Brown,44,Female,Finance,Bangalore,12,4,680233,3
EMP275,Ricky Adams,22,Female,Hr,Pune,14,3,992377,4
EMP276,Kevin Choi,32,Female,Sales,Bhopal,5,3,1071035,1
EMP277,Robin Cobb,39,Male,Marketing,Mumbai,4,6,803369,4
EMP278,Darrell Clark,38,Male,Marketing,Delhi,4,4,1411861,4
EMP279,Audrey Rivera,31,Male,Sales,Pune,15,7,816595,4
EMP280,Hannah Campbell,22,Female,Marketing,Bangalore,13,4,1330373,1
EMP281,Jacqueline Miller,43,Female,Marketing,Pune,9,7,817670,1
EMP282,Javier Diaz,26,Male,Engineering,Mumbai,3,6,1102896,5
EMP283,Ryan Yoder,45,Female,Engineering,Bangalore,15,9,1343481,5
EMP284,Christine Blair,46,Female,Finance,Mumbai,5,4,1132152,4
EMP285,Craig Lawrence,37,Male,Engineering,Mumbai,2,8,1008237,5
EMP286,Kimberly Hunter,38,Male,Hr,Delhi,11,7,970537,2
EMP287,Isaac Haas,40,Female,Sales,Pune,4,6,1169604,5
EMP288,Christina Lewis,26,Male,Hr,Mumbai,2,3,703639,3
EMP289,Cristina Levine,48,Female,Engineering,Delhi,9,3,1081233,1
EMP290,Kenneth Gay,30,Male,Sales,Pune,7,6,1429633,4
EMP291,Jason Smith,29,Female,Sales,Bangalore,4,10,898734,1
EMP292,Robert Carter,33,Female,Hr,Mumbai,11,6,1186820,5
EMP293,David Williams,21,Female,Sales,Mumbai,11,7,897514,4
EMP294,Justin Ali,24,Female,Hr,Delhi,15,4,1297201,4
EMP295,Sean Larson MD,27,Male,Engineering,Delhi,10,5,752596,4
EMP296,Angela Allen,32,Female,Marketing,Delhi,1,8,585519,2
EMP297,Margaret Cooper DDS,26,Male,Finance,Bhopal,6,6,975706,4
EMP298,Steve Brown,39,Female,Engineering,Pune,11,9,303055,3
EMP299,Lisa Wise,37,Male,Marketing,Mumbai,4,3,1218221,3
EMP300,Sarah Chandler,25,Male,Hr,Bangalore,3,9,533396,5
EMP301,Zachary Smith,28,Male,Engineering,Bhopal,11,8,1058990,4
EMP302,April Gutierrez,27,Male,Finance,Bhopal,1,2,1446500,5
EMP303,Sarah Davis,43,Male,Marketing,Delhi,11,9,563856,4
EMP304,William Phillips,25,Male,Engineering,Delhi,10,5,1495437,1
EMP305,Kimberly Brown,23,Female,Finance,Pune,6,7,1386898,5
EMP306,Ryan Martin,40,Female,Finance,Bangalore,3,4,986864,5
EMP307,James Martin,48,Male,Finance,Mumbai,11,8,471103,5
EMP308,Patrick Levine,42,Male,Finance,Mumbai,8,10,1293539,3
EMP309,Norma Romero,23,Female,Sales,Delhi,10,1,912211,3
EMP310,Jacob Stephens,30,Male,Marketing,Pune,12,8,305629,2
EMP311,Alison Powers,25,Female,Engineering,Mumbai,7,8,1350257,2
EMP312,Kayla Cervantes,33,Female,Finance,Bhopal,3,8,1330656,5
EMP313,John Rios,28,Male,Sales,Delhi,13,7,650988,5
EMP314,Stacy Davis,49,Female,Marketing,Pune,14,6,1156315,4
EMP315,Joseph Armstrong,37,Female,Hr,Bhopal,9,2,1145433,1
EMP316,Michael Orr,41,Male,Finance,Delhi,4,4,750231,4
EMP317,Richard Snow,26,Female,Engineering,Bhopal,1,1,1456500,4
EMP318,Sandra Huynh,36,Female,Marketing,Bhopal,1,10,1175638,5
EMP319,Zachary Smith,48,Female,Sales,Delhi,1,9,1239832,5
EMP320,Jeremy Fisher,42,Male,Finance,Pune,7,10,375333,3
EMP321,Leonard Kirk,41,Male,Hr,Pune,10,8,616611,1
EMP322,Angela Charles,47,Female,Sales,Delhi,15,5,1420110,5
EMP323,Amy Aguirre,24,Female,Marketing,Bhopal,12,8,557137,2
EMP324,Dean Vazquez,35,Female,Hr,Bangalore,12,8,1442574,3
EMP325,Jennifer Tate,41,Male,Hr,Bangalore,11,1,471256,4
EMP326,Gina Walters,22,Female,Hr,Bangalore,10,3,969265,2
EMP327,Diane Mullins,26,Female,Finance,Delhi,2,10,591973,4
EMP328,Antonio Barrera,47,Female,Sales,Bangalore,1,7,765683,4
EMP329,April Singh,46,Male,Sales,Pune,11,10,842131,1
EMP330,Tammy Parrish,25,Female,Finance,Delhi,14,10,1220545,5
EMP331,Elizabeth Garcia,46,Female,Hr,Bangalore,11,5,853991,4
EMP332,Brian Gray,45,Female,Marketing,Bhopal,14,6,1073620,1
EMP333,Timothy Huffman,25,Male,Hr,Delhi,1,2,1408384,5
EMP334,Steven Rodriguez,39,Male,Finance,Mumbai,9,2,696779,2
EMP335,Oscar Anderson,33,Female,Finance,Bhopal,13,6,1266295,5
EMP336,Chelsea Hahn,45,Male,Engineering,Pune,1,4,1020466,5
EMP337,Emily Harding,48,Female,Finance,Mumbai,8,2,524431,1
EMP338,Debbie Wilson,31,Male,Engineering,Bangalore,6,2,1052694,4
EMP339,Julie Willis,36,Male,Engineering,Pune,4,6,739819,5
EMP340,Brooke Nguyen,38,Female,Finance,Bhopal,15,7,557592,1
EMP341,Devin Arnold,49,Female,Marketing,Bangalore,11,8,1477292,1
EMP342,Norman Torres,29,Male,Finance,Pune,1,4,1041023,4
EMP343,Valerie Harris,25,Female,Finance,Pune,13,2,744211,1
EMP344,John Foster,23,Female,Marketing,Mumbai,3,10,713395,3
EMP345,Anna Ellis,43,Female,Engineering,Mumbai,4,4,727393,1
EMP346,Oscar Romero,21,Male,Engineering,Mumbai,12,7,659870,5
EMP347,Matthew Gray,49,Male,Hr,Bangalore,14,5,488341,5
EMP348,William Lee,29,Male,Engineering,Mumbai,13,7,1012504,1
EMP349,Jordan Stevenson,40,Female,Marketing,Pune,4,5,1277902,5
EMP350,Jose Terrell,22,Female,Marketing,Bangalore,7,4,1485515,3
EMP351,Suzanne Barber,50,Female,Marketing,Pune,13,3,427598,4
EMP352,Michael Johnson MD,27,Male,Finance,Pune,1,2,1030403,1
EMP353,Stacey Davis,39,Male,Finance,Bhopal,7,5,327757,5
EMP354,Patricia Marsh,33,Female,Sales,Pune,15,10,840671,2
EMP355,Jessica Ball,30,Female,Marketing,Bhopal,13,4,1340872,5
EMP356,Erik Howard,38,Male,Engineering,Mumbai,5,8,482768,2
EMP357,Robert Morales IV,30,Male,Engineering,Bangalore,5,7,1489385,4
EMP358,Greg Hernandez MD,43,Female,Finance,Delhi,14,4,995791,4
EMP359,Christopher Pennington,34,Male,Engineering,Delhi,1,2,651031,3
EMP360,Wesley Lynch,26,Male,Sales,Delhi,14,2,1304520,4
EMP361,Robert Livingston,36,Female,Engineering,Mumbai,10,4,833026,3
EMP362,Charles Jacobs,43,Male,Engineering,Mumbai,9,10,1144113,3
EMP363,Elizabeth Carey,27,Male,Engineering,Bhopal,8,10,643744,5
EMP364,Karen Cook,47,Male,Hr,Bhopal,2,9,720910,5
EMP365,Kristy Jackson,23,Male,Engineering,Pune,9,9,718705,4
EMP366,Olivia Walsh,25,Female,Sales,Mumbai,8,8,426179,5
EMP367,Gary Mendez,39,Female,Engineering,Delhi,2,6,1468420,3
EMP368,Christina Ball,24,Male,Marketing,Mumbai,1,8,513336,3
EMP369,Jeffrey Castro,36,Male,Marketing,Bhopal,11,7,407792,4
EMP370,Janet Jones,32,Female,Sales,Bhopal,8,8,1370539,1
EMP371,Mary Grant,31,Female,Marketing,Delhi,11,4,920064,5
EMP372,Nicole Keith,29,Male,Marketing,Bangalore,11,5,1208362,3
EMP373,Thomas Taylor,49,Male,Hr,Bhopal,9,9,1316158,3
EMP374,Marvin Smith,44,Female,Engineering,Bangalore,5,7,343795,3
EMP375,John Gomez,44,Female,Engineering,Bangalore,11,2,827455,3
EMP376,Anthony Johns,35,Male,Marketing,Bangalore,13,9,1019978,3
EMP377,Todd Moore,34,Female,Sales,Bhopal,6,7,1315853,1
EMP378,Laura Johnson,48,Male,Engineering,Pune,6,8,1001299,3
EMP379,Brian Martinez,23,Female,Marketing,Delhi,11,9,334575,1
EMP380,James Black,46,Male,Engineering,Bhopal,14,8,868477,2
EMP381,David Soto,50,Female,Sales,Bhopal,6,9,649549,3
EMP382,Mary Mcdonald,37,Female,Sales,Bhopal,2,1,958012,1
EMP383,Justin Collins,27,Female,Hr,Pune,13,10,520697,4
EMP384,Alejandra Brown,27,Male,Finance,Pune,11,2,897675,5
EMP385,Jamie Cross,26,Male,Sales,Delhi,5,5,490930,4
EMP386,Miss Diana Ellis MD,50,Male,Marketing,Bangalore,1,6,1169432,1
EMP387,Gabriel Martin,36,Female,Engineering,Pune,1,7,360953,5
EMP388,Aaron Davis,37,Female,Engineering,Bangalore,3,7,748697,3
EMP389,Brian Bell DVM,25,Male,Marketing,Pune,6,9,555418,5
EMP390,Cheryl Pratt,48,Male,Finance,Mumbai,11,3,365133,2
EMP391,Scott Medina,33,Male,Hr,Bangalore,6,3,1120349,4
EMP392,Sandra Sanders,33,Female,Marketing,Mumbai,3,10,634577,5
EMP393,Kimberly Baker,39,Male,Hr,Bhopal,14,5,1383672,3
EMP394,George Valdez,42,Female,Hr,Delhi,14,6,1080864,3
EMP395,Seth Mcguire,48,Female,Sales,Bhopal,8,7,831744,1
EMP396,Elizabeth Lee,47,Male,Finance,Mumbai,13,4,1262573,2
EMP397,Melanie Hammond,49,Male,Sales,Mumbai,10,1,733097,4
EMP398,Roy Figueroa,46,Female,Finance,Pune,1,10,386690,1
EMP399,James Johnston,34,Female,Finance,Bhopal,15,9,1235441,3
EMP400,Jeffrey Harris DDS,23,Male,Engineering,Bangalore,15,4,831374,3
EMP401,Christine Marshall,31,Male,Hr,Pune,6,1,716015,2
EMP402,Michael Cline,45,Male,Finance,Bhopal,12,5,496748,2
EMP403,David Jones,40,Male,Engineering,Bangalore,4,1,1014626,5
EMP404,Nancy Davis,43,Male,Engineering,Mumbai,3,4,617106,3
EMP405,Eric Garza,33,Female,Marketing,Mumbai,13,6,1038117,5
EMP406,Katelyn Richard,28,Female,Engineering,Mumbai,11,9,1437334,4
EMP407,Gina Davis,31,Male,Engineering,Mumbai,12,5,1037204,1
EMP408,Brent Austin,29,Male,Engineering,Delhi,2,3,1309628,3
EMP409,Curtis Williamson,46,Male,Finance,Pune,13,7,799018,5
EMP410,Tara Joyce,33,Male,Marketing,Delhi,8,10,755715,5
EMP411,Felicia Kirby,49,Female,Engineering,Bhopal,12,9,463990,1
EMP412,Larry Johnston,30,Male,Finance,Bhopal,1,4,663110,1
EMP413,Jennifer Fisher,36,Male,Hr,Bangalore,5,8,300846,4
EMP414,Larry Evans,44,Male,Marketing,Bangalore,9,9,1330513,5
EMP415,Valerie Eaton,34,Male,Marketing,Bhopal,13,9,456825,4
EMP416,William Shea,33,Female,Engineering,Mumbai,6,2,625778,5
EMP417,Marie Cole,37,Male,Finance,Delhi,8,4,1143721,4
EMP418,Anthony Rivera,25,Female,Engineering,Mumbai,4,2,1369885,1
EMP419,Kevin Keith,22,Female,Finance,Bhopal,11,6,615322,2
EMP420,Jennifer Macias,49,Male,Engineering,Pune,8,3,1196936,5
EMP421,Jonathan Hines,26,Male,Marketing,Pune,9,9,1266235,3
EMP422,Melissa Cunningham,42,Male,Hr,Bhopal,15,7,463895,5
EMP423,Michael Nichols,38,Male,Hr,Delhi,8,9,1117813,4
EMP424,Benjamin Landry,42,Female,Sales,Delhi,8,6,900251,4
EMP425,Kyle Lozano,44,Female,Engineering,Pune,5,7,1413094,1
EMP426,Joseph Farmer,38,Female,Finance,Bhopal,14,10,1360409,3
EMP427,Tyler Baker,29,Male,Engineering,Pune,11,6,573785,4
EMP428,Andrea Lynn,43,Female,Hr,Bhopal,3,8,495565,3
EMP429,Mr. Jesse Griffin,34,Male,Marketing,Delhi,5,10,974423,4
EMP430,Dennis Quinn,27,Male,Finance,Bangalore,15,10,500490,1
EMP431,Sara Chapman,32,Male,Finance,Delhi,14,3,527431,1
EMP432,Danny Stewart,26,Female,Sales,Delhi,7,9,409762,3
EMP433,Rachael Marshall,37,Female,Engineering,Pune,7,6,1447786,4
EMP434,Connie Johnson,47,Male,Sales,Delhi,12,1,1377105,5
EMP435,Kimberly Price,41,Male,Marketing,Mumbai,6,9,831125,3
EMP436,Anna Powell,32,Male,Hr,Delhi,14,10,302395,2
EMP437,Jennifer Gilbert,31,Male,Engineering,Mumbai,6,4,765153,4
EMP438,Jennifer Koch,28,Female,Engineering,Mumbai,11,10,1465604,5
EMP439,Nicholas Lang,28,Male,Hr,Bhopal,6,1,492667,3
EMP440,Michael Ross,37,Female,Sales,Bhopal,8,9,1431794,5
EMP441,Sarah Cummings,34,Female,Hr,Delhi,13,8,1400396,5
EMP442,Gail Lawrence,43,Female,Sales,Bangalore,8,8,712833,5
EMP443,Lauren Bolton,45,Male,Finance,Bangalore,2,9,580397,4
EMP444,Julie Walker,25,Male,Hr,Bangalore,1,3,1122667,2
EMP445,Angela Hall,37,Male,Engineering,Delhi,9,8,517133,2
EMP446,Margaret Mclaughlin,34,Female,Finance,Mumbai,3,8,1462611,2
EMP447,Alexandra Salazar,27,Male,Finance,Bangalore,13,3,1126502,3
EMP448,Nancy Macdonald,25,Female,Hr,Mumbai,6,4,487864,1
EMP449,Courtney Anthony,24,Male,Sales,Pune,6,4,1293376,3
EMP450,Hunter Gonzalez,32,Male,Engineering,Mumbai,15,4,1182479,3
EMP451,Anthony Vazquez,48,Female,Marketing,Mumbai,8,5,1099899,2
EMP452,Tracy Mercado,34,Female,Finance,Pune,8,7,552544,3
EMP453,Tiffany James,41,Female,Sales,Pune,12,4,765398,2
EMP454,Ashley Hodges,44,Male,Hr,Bangalore,14,2,1004660,5
EMP455,Jesse Reed,33,Female,Sales,Bangalore,6,9,1038103,3
EMP456,Michelle Kelly,45,Female,Marketing,Mumbai,8,2,1357683,1
EMP457,George Gonzalez,32,Male,Marketing,Delhi,5,8,431879,1
EMP458,Elizabeth Palmer,42,Female,Engineering,Bangalore,15,1,936850,3
EMP459,Jennifer Cole,41,Male,Sales,Delhi,2,2,655985,4
EMP460,Paul Gordon,29,Male,Marketing,Pune,5,7,688099,4
EMP461,Thomas Williams,30,Female,Engineering,Bhopal,13,8,815757,1
EMP462,Ronald Shaw,31,Male,Hr,Bhopal,3,8,690035,5
EMP463,Pamela Arellano,41,Male,Engineering,Bangalore,11,1,1149775,2
EMP464,Mary Palmer,32,Female,Marketing,Bhopal,10,4,1140486,2
EMP465,Andrew Hunt,48,Male,Hr,Pune,12,5,827145,3
EMP466,Lisa Patel,43,Male,Marketing,Mumbai,11,5,1021543,3
EMP467,Amanda Gray,23,Female,Sales,Pune,5,4,547896,1
EMP468,Michael Owen,33,Male,Engineering,Mumbai,9,2,916877,4
EMP469,David Holmes,36,Male,Engineering,Delhi,1,6,764025,4
EMP470,Kathryn Hendricks,27,Male,Hr,Bhopal,6,9,1000700,3
EMP471,Daniel Smith,37,Female,Marketing,Bangalore,15,5,484534,4
EMP472,Shelia Walker,28,Male,Hr,Delhi,15,6,1405177,1
EMP473,Melissa Williams,45,Male,Finance,Delhi,15,7,456525,1
EMP474,Mr. Christopher Wall,28,Female,Sales,Pune,6,8,951626,4
EMP475,Jeremy Miller,34,Male,Finance,Pune,12,5,1298256,5
EMP476,Emily Gonzalez,21,Female,Hr,Mumbai,14,3,394056,3
EMP477,Connor Hernandez,28,Female,Marketing,Bangalore,14,7,958426,1
EMP478,Jimmy Caldwell,38,Male,Marketing,Bangalore,5,3,525460,2
EMP479,Lisa Acosta,28,Male,Hr,Mumbai,7,2,1171657,1
EMP480,Kayla Brown,32,Male,Engineering,Delhi,8,2,1298336,3
EMP481,Sharon Bell,25,Female,Marketing,Pune,4,7,1325329,3
EMP482,Ashley Black,49,Female,Hr,Delhi,15,5,508783,2
EMP483,Dana Keller,40,Male,Sales,Pune,14,3,1346319,2
EMP484,Jean Barker,49,Female,Engineering,Bhopal,13,8,656254,5
EMP485,Kelly Gould,37,Female,Engineering,Bangalore,5,8,388611,1
EMP486,Peter May,42,Male,Marketing,Mumbai,11,4,999963,1
EMP487,Diane Carpenter,43,Female,Engineering,Delhi,4,6,493350,3
EMP488,Joanna Kennedy,26,Male,Marketing,Mumbai,10,8,1386684,3
EMP489,James Lopez,30,Female,Engineering,Delhi,11,4,1437896,2
EMP490,John Hill,47,Female,Marketing,Delhi,8,5,673948,5
EMP491,Lisa Johnson,26,Female,Hr,Pune,14,3,558363,4
EMP492,Alfred Clements,35,Female,Engineering,Delhi,8,7,458904,5
EMP493,Jessica Phillips,37,Female,Engineering,Bangalore,9,2,761645,3
EMP494,Kayla Daniel,48,Male,Marketing,Pune,5,5,782705,5
EMP495,Thomas Moore,40,Female,Sales,Pune,14,1,1429934,1
EMP496,Dennis Anderson,41,Male,Finance,Delhi,6,6,1103704,1
EMP497,Yolanda Clay,22,Male,Hr,Pune,2,8,1081475,3
EMP498,Alejandro Wilson,44,Female,Finance,Pune,7,8,507618,1
EMP499,Melissa Johnson,36,Female,Marketing,Pune,2,5,1049254,4
EMP500,Morgan Byrd,50,Female,Sales,Bhopal,15,7,564314,1
EMP501,Andrew Gordon,26,Female,Engineering,Delhi,13,2,1462648,4
EMP502,Amanda Owens,26,Female,Sales,Pune,1,7,1208859,3
EMP503,Katie Wells,38,Female,Marketing,Bangalore,5,8,1132647,3
EMP504,Tiffany Gray,33,Male,Sales,Bangalore,5,4,544711,4
EMP505,Derrick Morris,49,Male,Marketing,Pune,7,2,796476,1
EMP506,John Johnson,37,Male,Engineering,Pune,7,1,1005944,4
EMP507,Jonathan Harrington,43,Male,Marketing,Mumbai,14,9,953726,1
EMP508,Teresa Black,39,Male,Engineering,Delhi,15,9,1360121,5
EMP509,Mr. Edward Davis,21,Male,Sales,Bangalore,5,10,475268,2
EMP510,Jerry Harrington,41,Male,Finance,Delhi,13,9,447269,3
EMP511,Colleen Hill,45,Male,Engineering,Mumbai,5,5,644169,2
EMP512,Laura Lynch,29,Male,Engineering,Bangalore,4,4,1499307,2
EMP513,Janet Garcia,48,Female,Engineering,Delhi,13,2,1388624,5
EMP514,Thomas Smith,44,Male,Engineering,Pune,15,1,534683,3
EMP515,Roberta Watkins,40,Female,Hr,Delhi,2,3,430726,3
EMP516,Chelsea Frederick,45,Male,Finance,Bangalore,1,6,1217653,4
EMP517,Michael White,34,Male,Marketing,Pune,15,1,1136936,3
EMP518,Scott King MD,39,Female,Engineering,Bhopal,9,7,780777,3
EMP519,Alejandro Howard,43,Female,Engineering,Mumbai,1,6,844003,1
EMP520,Vincent Oneal,41,Female,Sales,Bangalore,8,3,996640,2
EMP521,Julia Holmes,25,Male,Marketing,Bangalore,12,3,335274,4
EMP522,April White,31,Male,Marketing,Delhi,12,9,1157597,4
EMP523,Stephen Jones,50,Female,Engineering,Mumbai,5,4,987772,4
EMP524,Steven Owens,27,Female,Finance,Bhopal,2,4,715534,5
EMP525,Jessica Jones,28,Male,Finance,Delhi,1,7,979870,2
EMP526,Eric Navarro,49,Male,Sales,Bangalore,2,8,891134,1
EMP527,Donna Hahn,23,Male,Sales,Pune,8,6,1385907,1
EMP528,Anna Alvarez,37,Female,Marketing,Delhi,2,3,1179254,1
EMP529,Stefanie Brooks,49,Female,Hr,Bhopal,7,2,1450144,2
EMP530,Ronald Rose,39,Female,Sales,Mumbai,7,6,1050721,3
EMP531,Kristine Garza,44,Male,Engineering,Delhi,3,4,661233,3
EMP532,Natasha Lara,36,Male,Engineering,Pune,6,2,903041,3
EMP533,Lisa Jensen,32,Male,Finance,Mumbai,2,1,1153125,1
EMP534,Michael Middleton,32,Male,Hr,Bangalore,3,4,1312472,1
EMP535,Kelly Reynolds,37,Female,Finance,Bangalore,2,2,944250,5
EMP536,Nicholas Hughes,42,Female,Marketing,Pune,9,5,827858,1
EMP537,Miranda Jones,39,Male,Engineering,Bangalore,4,6,1147640,2
EMP538,Latoya Chang,36,Male,Sales,Delhi,7,4,549795,2
EMP539,Jessica Mann,50,Male,Engineering,Bhopal,5,5,376241,3
EMP540,Douglas Williams,39,Male,Engineering,Bhopal,11,8,829910,2
EMP541,Angel Hall,26,Female,Hr,Bhopal,2,5,394741,2
EMP542,Christopher Stewart,47,Male,Sales,Mumbai,1,8,1255706,4
EMP543,Janice Simmons,29,Female,Hr,Delhi,12,9,1118177,5
EMP544,Angela Taylor,40,Female,Engineering,Pune,8,1,606562,2
EMP545,Anthony Mckinney,34,Male,Finance,Pune,9,7,514724,3
EMP546,Evelyn Phillips,33,Male,Hr,Pune,1,6,1303188,5
EMP547,Jillian Gilbert,42,Female,Engineering,Bangalore,14,5,508632,4
EMP548,Philip Aguilar,48,Male,Hr,Bangalore,2,7,531272,2
EMP549,Vicki Poole,24,Female,Sales,Bhopal,10,9,1126612,3
EMP550,Mr. Adam Gray,34,Male,Marketing,Pune,13,8,1352041,1
EMP551,Jack Mullins,24,Male,Sales,Bangalore,13,2,440025,1
EMP552,Kurt Lee,35,Female,Sales,Bhopal,13,8,1010299,3
EMP553,Nicholas Patel,35,Female,Sales,Pune,4,1,792972,2
EMP554,Victor Doyle,40,Female,Engineering,Pune,9,2,566400,3
EMP555,Nathan Fox,40,Male,Marketing,Mumbai,3,9,1392772,4
EMP556,Larry Jackson,28,Male,Sales,Mumbai,3,6,1279312,3
EMP557,Jeremy Drake,40,Female,Sales,Mumbai,8,7,593094,4
EMP558,Hayley Massey,36,Female,Sales,Bhopal,6,1,323133,2
EMP559,Connie Rowe,22,Male,Engineering,Delhi,6,6,498739,2
EMP560,Timothy Howard,44,Female,Sales,Pune,8,8,774046,5
EMP561,James Guerrero,28,Female,Hr,Delhi,10,1,1094359,4
EMP562,Sara Smith,24,Male,Hr,Pune,1,5,618335,3
EMP563,Tyler Rasmussen,45,Male,Finance,Bhopal,4,3,413493,3
EMP564,William Thomas,50,Female,Hr,Pune,9,10,386547,5
EMP565,Kristin Gardner,40,Male,Sales,Bhopal,11,7,1378772,5
EMP566,Amanda King,37,Male,Sales,Pune,15,5,1207125,1
EMP567,Andrew West,50,Male,Finance,Pune,11,7,1387668,4
EMP568,Brian Maxwell,45,Female,Finance,Mumbai,11,10,408082,4
EMP569,Brandon Gray,44,Female,Finance,Bangalore,3,1,1232356,2
EMP570,Connor Murphy,24,Male,Sales,Bhopal,1,8,486408,5
EMP571,Michael Harris,44,Female,Hr,Mumbai,2,2,921462,2
EMP572,Daniel Rodriguez,29,Female,Engineering,Mumbai,12,3,1011316,5
EMP573,Angela Kelley,46,Male,Marketing,Pune,11,6,856890,4
EMP574,Brittany Bowman,44,Male,Engineering,Bangalore,12,1,924165,5
EMP575,Theresa Garcia,42,Female,Hr,Bangalore,1,7,936349,3
EMP576,Ebony Ruiz,36,Male,Marketing,Bangalore,9,5,749992,2
EMP577,Shannon Ruiz,28,Female,Sales,Bhopal,14,9,1394542,4
EMP578,Sandra Martinez,27,Female,Sales,Bangalore,11,3,362864,2
EMP579,Alyssa Cooper,32,Female,Engineering,Delhi,11,1,939309,4
EMP580,Justin Hayes,40,Male,Sales,Bangalore,8,5,1453125,2
EMP581,Joy Little,29,Female,Engineering,Delhi,1,1,574704,5
EMP582,Albert Cardenas,28,Female,Marketing,Bhopal,7,4,786452,5
EMP583,Amy Smith,43,Male,Marketing,Mumbai,14,4,1347696,4
EMP584,Mrs. Penny Long,22,Male,Marketing,Pune,4,5,972582,4
EMP585,Ryan Peterson,38,Male,Engineering,Delhi,12,8,450900,5
EMP586,Jonathan Wall,48,Female,Hr,Mumbai,13,4,375779,3
EMP587,Robert Shea,38,Male,Engineering,Bhopal,8,3,624141,2
EMP588,Daniel Meyer,35,Male,Hr,Bhopal,15,1,1147990,1
EMP589,Mrs. Becky Harper,36,Female,Engineering,Mumbai,4,4,1238986,5
EMP590,Tammy Morgan,49,Female,Engineering,Bangalore,6,4,505945,1
EMP591,Sharon Ford,41,Male,Engineering,Pune,8,5,1220938,2
EMP592,Erica Velasquez,47,Female,Finance,Mumbai,5,2,744251,1
EMP593,Daniel Mendoza,48,Female,Hr,Bhopal,5,8,1492186,4
EMP594,Dawn Shepherd,36,Male,Sales,Mumbai,9,3,1275997,4
EMP595,Mark Grimes,27,Female,Hr,Pune,5,5,372564,5
EMP596,Michael Rodriguez,46,Male,Sales,Bhopal,15,7,748460,4
EMP597,Erica Trujillo,48,Male,Engineering,Bangalore,12,10,1241772,5
EMP598,Mark Horn,22,Male,Engineering,Bangalore,2,8,647254,4
EMP599,Derek Santiago,24,Male,Marketing,Mumbai,14,10,1217890,1
EMP600,Brittany Duran,22,Male,Hr,Delhi,2,6,776930,4
